-- Auto-generated from skill_taxonomy.yaml v0.1
-- Run AFTER 02_tables.sql creates the tables.

USE career_intelligence;

-- Skill_Taxonomy (hierarchy nodes)
INSERT INTO Skill_Taxonomy (industry_id, role_id, category_id, skill_id, node_type, node_name, parent_id, importance) VALUES
  ('data_analytics', NULL, NULL, NULL, 'industry', 'Data & Analytics', NULL, NULL),
  ('data_analytics', 'data_analyst', NULL, NULL, 'role', 'Data Analyst', '1', NULL),
  ('data_analytics', 'data_analyst', 'programming', NULL, 'category', 'Programming', '2', NULL),
  ('data_analytics', 'data_analyst', 'programming', 'sql', 'skill', 'SQL', '3', 'critical'),
  ('data_analytics', 'data_analyst', 'programming', 'sql', 'sub_skill', 'joins', '4', NULL),
  ('data_analytics', 'data_analyst', 'programming', 'sql', 'sub_skill', 'window_functions', '4', NULL),
  ('data_analytics', 'data_analyst', 'programming', 'sql', 'sub_skill', 'cte', '4', NULL),
  ('data_analytics', 'data_analyst', 'programming', 'sql', 'sub_skill', 'query_optimization', '4', NULL),
  ('data_analytics', 'data_analyst', 'programming', 'sql', 'sub_skill', 'indexing', '4', NULL),
  ('data_analytics', 'data_analyst', 'programming', 'python', 'skill', 'Python', '3', 'high'),
  ('data_analytics', 'data_analyst', 'programming', 'python', 'sub_skill', 'pandas', '10', NULL),
  ('data_analytics', 'data_analyst', 'programming', 'python', 'sub_skill', 'numpy', '10', NULL),
  ('data_analytics', 'data_analyst', 'programming', 'python', 'sub_skill', 'data_cleaning', '10', NULL),
  ('data_analytics', 'data_analyst', 'programming', 'python', 'sub_skill', 'scripting', '10', NULL),
  ('data_analytics', 'data_analyst', 'programming', 'r_language', 'skill', 'R', '3', 'medium'),
  ('data_analytics', 'data_analyst', 'programming', 'r_language', 'sub_skill', 'dplyr', '15', NULL),
  ('data_analytics', 'data_analyst', 'programming', 'r_language', 'sub_skill', 'ggplot2', '15', NULL),
  ('data_analytics', 'data_analyst', 'programming', 'r_language', 'sub_skill', 'tidyverse', '15', NULL),
  ('data_analytics', 'data_analyst', 'data_management', NULL, 'category', 'Data Management', '2', NULL),
  ('data_analytics', 'data_analyst', 'data_management', 'etl_basics', 'skill', 'ETL Fundamentals', '19', 'high'),
  ('data_analytics', 'data_analyst', 'data_management', 'etl_basics', 'sub_skill', 'data_extraction', '20', NULL),
  ('data_analytics', 'data_analyst', 'data_management', 'etl_basics', 'sub_skill', 'data_loading', '20', NULL),
  ('data_analytics', 'data_analyst', 'data_management', 'etl_basics', 'sub_skill', 'scheduling', '20', NULL),
  ('data_analytics', 'data_analyst', 'data_management', 'excel', 'skill', 'Microsoft Excel', '19', 'high'),
  ('data_analytics', 'data_analyst', 'data_management', 'excel', 'sub_skill', 'pivot_tables', '24', NULL),
  ('data_analytics', 'data_analyst', 'data_management', 'excel', 'sub_skill', 'vlookup_xlookup', '24', NULL),
  ('data_analytics', 'data_analyst', 'data_management', 'excel', 'sub_skill', 'power_query', '24', NULL),
  ('data_analytics', 'data_analyst', 'data_management', 'excel', 'sub_skill', 'formulas', '24', NULL),
  ('data_analytics', 'data_analyst', 'data_management', 'data_modeling_basics', 'skill', 'Data Modeling (Basics)', '19', 'medium'),
  ('data_analytics', 'data_analyst', 'data_management', 'data_modeling_basics', 'sub_skill', 'star_schema', '29', NULL),
  ('data_analytics', 'data_analyst', 'data_management', 'data_modeling_basics', 'sub_skill', 'er_diagrams', '29', NULL),
  ('data_analytics', 'data_analyst', 'data_management', 'data_modeling_basics', 'sub_skill', 'normalization', '29', NULL),
  ('data_analytics', 'data_analyst', 'analytics', NULL, 'category', 'Analytics', '2', NULL),
  ('data_analytics', 'data_analyst', 'analytics', 'descriptive_stats', 'skill', 'Descriptive Statistics', '33', 'high'),
  ('data_analytics', 'data_analyst', 'analytics', 'descriptive_stats', 'sub_skill', 'mean_median_mode', '34', NULL),
  ('data_analytics', 'data_analyst', 'analytics', 'descriptive_stats', 'sub_skill', 'variance_std', '34', NULL),
  ('data_analytics', 'data_analyst', 'analytics', 'descriptive_stats', 'sub_skill', 'distributions', '34', NULL),
  ('data_analytics', 'data_analyst', 'analytics', 'hypothesis_testing', 'skill', 'Hypothesis Testing', '33', 'medium'),
  ('data_analytics', 'data_analyst', 'analytics', 'hypothesis_testing', 'sub_skill', 'ab_testing', '38', NULL),
  ('data_analytics', 'data_analyst', 'analytics', 'hypothesis_testing', 'sub_skill', 'p_values', '38', NULL),
  ('data_analytics', 'data_analyst', 'analytics', 'hypothesis_testing', 'sub_skill', 'confidence_intervals', '38', NULL),
  ('data_analytics', 'data_analyst', 'analytics', 'kpi_design', 'skill', 'KPI Design', '33', 'high'),
  ('data_analytics', 'data_analyst', 'analytics', 'kpi_design', 'sub_skill', 'metric_definition', '42', NULL),
  ('data_analytics', 'data_analyst', 'analytics', 'kpi_design', 'sub_skill', 'funnels', '42', NULL),
  ('data_analytics', 'data_analyst', 'analytics', 'kpi_design', 'sub_skill', 'cohort_analysis', '42', NULL),
  ('data_analytics', 'data_analyst', 'business_skills', NULL, 'category', 'Business Skills', '2', NULL),
  ('data_analytics', 'data_analyst', 'business_skills', 'stakeholder_management', 'skill', 'Stakeholder Management', '46', 'high'),
  ('data_analytics', 'data_analyst', 'business_skills', 'stakeholder_management', 'sub_skill', 'requirement_gathering', '47', NULL),
  ('data_analytics', 'data_analyst', 'business_skills', 'stakeholder_management', 'sub_skill', 'expectation_setting', '47', NULL),
  ('data_analytics', 'data_analyst', 'business_skills', 'sql_to_insight', 'skill', 'SQL-to-Insight Storytelling', '46', 'medium'),
  ('data_analytics', 'data_analyst', 'business_skills', 'domain_acumen', 'skill', 'Domain Acumen', '46', 'medium'),
  ('data_analytics', 'data_analyst', 'business_skills', 'domain_acumen', 'sub_skill', 'finance_basics', '51', NULL),
  ('data_analytics', 'data_analyst', 'business_skills', 'domain_acumen', 'sub_skill', 'marketing_basics', '51', NULL),
  ('data_analytics', 'data_analyst', 'business_skills', 'domain_acumen', 'sub_skill', 'operations_basics', '51', NULL),
  ('data_analytics', 'bi_analyst', NULL, NULL, 'role', 'BI Analyst', '1', NULL),
  ('data_analytics', 'bi_analyst', 'visualization', NULL, 'category', 'Visualization', '55', NULL),
  ('data_analytics', 'bi_analyst', 'visualization', 'power_bi', 'skill', 'Power BI', '56', 'critical'),
  ('data_analytics', 'bi_analyst', 'visualization', 'power_bi', 'sub_skill', 'dax', '57', NULL),
  ('data_analytics', 'bi_analyst', 'visualization', 'power_bi', 'sub_skill', 'power_query_m', '57', NULL),
  ('data_analytics', 'bi_analyst', 'visualization', 'power_bi', 'sub_skill', 'calculated_columns', '57', NULL),
  ('data_analytics', 'bi_analyst', 'visualization', 'power_bi', 'sub_skill', 'dashboards', '57', NULL),
  ('data_analytics', 'bi_analyst', 'visualization', 'power_bi', 'sub_skill', 'row_level_security', '57', NULL),
  ('data_analytics', 'bi_analyst', 'visualization', 'tableau', 'skill', 'Tableau', '56', 'high'),
  ('data_analytics', 'bi_analyst', 'visualization', 'tableau', 'sub_skill', 'calculated_fields', '63', NULL),
  ('data_analytics', 'bi_analyst', 'visualization', 'tableau', 'sub_skill', 'lod_expressions', '63', NULL),
  ('data_analytics', 'bi_analyst', 'visualization', 'tableau', 'sub_skill', 'dashboards', '63', NULL),
  ('data_analytics', 'bi_analyst', 'visualization', 'looker', 'skill', 'Looker', '56', 'medium'),
  ('data_analytics', 'bi_analyst', 'visualization', 'looker', 'sub_skill', 'lookml', '67', NULL),
  ('data_analytics', 'bi_analyst', 'visualization', 'looker', 'sub_skill', 'explores', '67', NULL),
  ('data_analytics', 'bi_analyst', 'data_management', NULL, 'category', 'Data Management', '55', NULL),
  ('data_analytics', 'bi_analyst', 'data_management', 'semantic_layer', 'skill', 'Semantic Layer', '70', 'high'),
  ('data_analytics', 'bi_analyst', 'data_management', 'semantic_layer', 'sub_skill', 'metric_definitions', '71', NULL),
  ('data_analytics', 'bi_analyst', 'data_management', 'semantic_layer', 'sub_skill', 'dimension_modeling', '71', NULL),
  ('data_analytics', 'bi_analyst', 'data_management', 'data_modeling_basics', 'skill', 'Data Modeling (Basics)', '70', 'high'),
  ('data_analytics', 'bi_analyst', 'data_management', 'data_modeling_basics', 'sub_skill', 'star_schema', '74', NULL),
  ('data_analytics', 'bi_analyst', 'data_management', 'data_modeling_basics', 'sub_skill', 'slowly_changing_dimensions', '74', NULL),
  ('data_analytics', 'bi_analyst', 'analytics', NULL, 'category', 'Analytics', '55', NULL),
  ('data_analytics', 'bi_analyst', 'analytics', 'kpi_design', 'skill', 'KPI Design', '77', 'critical'),
  ('data_analytics', 'bi_analyst', 'analytics', 'kpi_design', 'sub_skill', 'metric_definition', '78', NULL),
  ('data_analytics', 'bi_analyst', 'analytics', 'kpi_design', 'sub_skill', 'north_star_metrics', '78', NULL),
  ('data_analytics', 'bi_analyst', 'programming', NULL, 'category', 'Programming', '55', NULL),
  ('data_analytics', 'bi_analyst', 'programming', 'sql', 'skill', 'SQL', '81', 'critical'),
  ('data_analytics', 'bi_analyst', 'programming', 'sql', 'sub_skill', 'window_functions', '82', NULL),
  ('data_analytics', 'bi_analyst', 'programming', 'sql', 'sub_skill', 'query_optimization', '82', NULL),
  ('data_analytics', 'bi_analyst', 'programming', 'python', 'skill', 'Python', '81', 'medium'),
  ('data_analytics', 'bi_analyst', 'programming', 'python', 'sub_skill', 'pandas', '85', NULL),
  ('data_analytics', 'data_scientist', NULL, NULL, 'role', 'Data Scientist', '1', NULL),
  ('data_analytics', 'data_scientist', 'programming', NULL, 'category', 'Programming', '87', NULL),
  ('data_analytics', 'data_scientist', 'programming', 'python', 'skill', 'Python', '88', 'critical'),
  ('data_analytics', 'data_scientist', 'programming', 'python', 'sub_skill', 'pandas', '89', NULL),
  ('data_analytics', 'data_scientist', 'programming', 'python', 'sub_skill', 'numpy', '89', NULL),
  ('data_analytics', 'data_scientist', 'programming', 'python', 'sub_skill', 'scikit_learn', '89', NULL),
  ('data_analytics', 'data_scientist', 'programming', 'python', 'sub_skill', 'statsmodels', '89', NULL),
  ('data_analytics', 'data_scientist', 'programming', 'sql', 'skill', 'SQL', '88', 'high'),
  ('data_analytics', 'data_scientist', 'programming', 'sql', 'sub_skill', 'window_functions', '94', NULL),
  ('data_analytics', 'data_scientist', 'programming', 'sql', 'sub_skill', 'query_optimization', '94', NULL),
  ('data_analytics', 'data_scientist', 'programming', 'r_language', 'skill', 'R', '88', 'medium'),
  ('data_analytics', 'data_scientist', 'programming', 'r_language', 'sub_skill', 'caret', '97', NULL),
  ('data_analytics', 'data_scientist', 'programming', 'r_language', 'sub_skill', 'ggplot2', '97', NULL),
  ('data_analytics', 'data_scientist', 'aiml', NULL, 'category', 'AI / ML', '87', NULL),
  ('data_analytics', 'data_scientist', 'aiml', 'supervised_learning', 'skill', 'Supervised Learning', '100', 'critical'),
  ('data_analytics', 'data_scientist', 'aiml', 'supervised_learning', 'sub_skill', 'regression', '101', NULL),
  ('data_analytics', 'data_scientist', 'aiml', 'supervised_learning', 'sub_skill', 'classification', '101', NULL),
  ('data_analytics', 'data_scientist', 'aiml', 'supervised_learning', 'sub_skill', 'logistic_regression', '101', NULL),
  ('data_analytics', 'data_scientist', 'aiml', 'supervised_learning', 'sub_skill', 'random_forest', '101', NULL),
  ('data_analytics', 'data_scientist', 'aiml', 'supervised_learning', 'sub_skill', 'gradient_boosting', '101', NULL),
  ('data_analytics', 'data_scientist', 'aiml', 'unsupervised_learning', 'skill', 'Unsupervised Learning', '100', 'high'),
  ('data_analytics', 'data_scientist', 'aiml', 'unsupervised_learning', 'sub_skill', 'clustering', '107', NULL),
  ('data_analytics', 'data_scientist', 'aiml', 'unsupervised_learning', 'sub_skill', 'kmeans', '107', NULL),
  ('data_analytics', 'data_scientist', 'aiml', 'unsupervised_learning', 'sub_skill', 'pca', '107', NULL),
  ('data_analytics', 'data_scientist', 'aiml', 'unsupervised_learning', 'sub_skill', 'dimensionality_reduction', '107', NULL),
  ('data_analytics', 'data_scientist', 'aiml', 'model_evaluation', 'skill', 'Model Evaluation', '100', 'critical'),
  ('data_analytics', 'data_scientist', 'aiml', 'model_evaluation', 'sub_skill', 'cross_validation', '112', NULL),
  ('data_analytics', 'data_scientist', 'aiml', 'model_evaluation', 'sub_skill', 'roc_auc', '112', NULL),
  ('data_analytics', 'data_scientist', 'aiml', 'model_evaluation', 'sub_skill', 'precision_recall', '112', NULL),
  ('data_analytics', 'data_scientist', 'aiml', 'model_evaluation', 'sub_skill', 'overfitting', '112', NULL),
  ('data_analytics', 'data_scientist', 'aiml', 'feature_engineering', 'skill', 'Feature Engineering', '100', 'high'),
  ('data_analytics', 'data_scientist', 'aiml', 'feature_engineering', 'sub_skill', 'encoding', '117', NULL),
  ('data_analytics', 'data_scientist', 'aiml', 'feature_engineering', 'sub_skill', 'scaling', '117', NULL),
  ('data_analytics', 'data_scientist', 'aiml', 'feature_engineering', 'sub_skill', 'feature_selection', '117', NULL),
  ('data_analytics', 'data_scientist', 'aiml', 'nlp', 'skill', 'Natural Language Processing', '100', 'medium'),
  ('data_analytics', 'data_scientist', 'aiml', 'nlp', 'sub_skill', 'tokenization', '121', NULL),
  ('data_analytics', 'data_scientist', 'aiml', 'nlp', 'sub_skill', 'tf_idf', '121', NULL),
  ('data_analytics', 'data_scientist', 'aiml', 'nlp', 'sub_skill', 'embeddings', '121', NULL),
  ('data_analytics', 'data_scientist', 'aiml', 'nlp', 'sub_skill', 'transformers', '121', NULL),
  ('data_analytics', 'data_scientist', 'analytics', NULL, 'category', 'Analytics', '87', NULL),
  ('data_analytics', 'data_scientist', 'analytics', 'probability', 'skill', 'Probability & Statistics', '126', 'critical'),
  ('data_analytics', 'data_scientist', 'analytics', 'probability', 'sub_skill', 'bayes_theorem', '127', NULL),
  ('data_analytics', 'data_scientist', 'analytics', 'probability', 'sub_skill', 'distributions', '127', NULL),
  ('data_analytics', 'data_scientist', 'analytics', 'probability', 'sub_skill', 'sampling', '127', NULL),
  ('data_analytics', 'data_scientist', 'analytics', 'experimentation', 'skill', 'Experimentation', '126', 'high'),
  ('data_analytics', 'data_scientist', 'analytics', 'experimentation', 'sub_skill', 'ab_testing', '131', NULL),
  ('data_analytics', 'data_scientist', 'analytics', 'experimentation', 'sub_skill', 'causal_inference', '131', NULL),
  ('data_analytics', 'data_scientist', 'analytics', 'experimentation', 'sub_skill', 'sample_size', '131', NULL),
  ('data_analytics', 'data_scientist', 'business_skills', NULL, 'category', 'Business Skills', '87', NULL),
  ('data_analytics', 'data_scientist', 'business_skills', 'insight_storytelling', 'skill', 'Insight Storytelling', '135', 'high'),
  ('data_analytics', 'data_engineer', NULL, NULL, 'role', 'Data Engineer', '1', NULL),
  ('data_analytics', 'data_engineer', 'data_management', NULL, 'category', 'Data Management', '137', NULL),
  ('data_analytics', 'data_engineer', 'data_management', 'etl_elt', 'skill', 'ETL / ELT', '138', 'critical'),
  ('data_analytics', 'data_engineer', 'data_management', 'etl_elt', 'sub_skill', 'batch', '139', NULL),
  ('data_analytics', 'data_engineer', 'data_management', 'etl_elt', 'sub_skill', 'incremental_loads', '139', NULL),
  ('data_analytics', 'data_engineer', 'data_management', 'etl_elt', 'sub_skill', 'cdc', '139', NULL),
  ('data_analytics', 'data_engineer', 'data_management', 'data_warehousing', 'skill', 'Data Warehousing', '138', 'critical'),
  ('data_analytics', 'data_engineer', 'data_management', 'data_warehousing', 'sub_skill', 'star_schema', '143', NULL),
  ('data_analytics', 'data_engineer', 'data_management', 'data_warehousing', 'sub_skill', 'partitioning', '143', NULL),
  ('data_analytics', 'data_engineer', 'data_management', 'data_warehousing', 'sub_skill', 'materialized_views', '143', NULL),
  ('data_analytics', 'data_engineer', 'data_management', 'data_modeling', 'skill', 'Data Modeling', '138', 'high'),
  ('data_analytics', 'data_engineer', 'data_management', 'data_modeling', 'sub_skill', 'dimensional_modeling', '147', NULL),
  ('data_analytics', 'data_engineer', 'data_management', 'data_modeling', 'sub_skill', 'data_vault', '147', NULL),
  ('data_analytics', 'data_engineer', 'data_management', 'data_modeling', 'sub_skill', 'medallion', '147', NULL),
  ('data_analytics', 'data_engineer', 'data_management', 'orchestration', 'skill', 'Orchestration', '138', 'high'),
  ('data_analytics', 'data_engineer', 'data_management', 'orchestration', 'sub_skill', 'dags', '151', NULL),
  ('data_analytics', 'data_engineer', 'data_management', 'orchestration', 'sub_skill', 'scheduling', '151', NULL),
  ('data_analytics', 'data_engineer', 'data_management', 'orchestration', 'sub_skill', 'retries', '151', NULL),
  ('data_analytics', 'data_engineer', 'programming', NULL, 'category', 'Programming', '137', NULL),
  ('data_analytics', 'data_engineer', 'programming', 'python', 'skill', 'Python', '155', 'critical'),
  ('data_analytics', 'data_engineer', 'programming', 'python', 'sub_skill', 'pyspark', '156', NULL),
  ('data_analytics', 'data_engineer', 'programming', 'python', 'sub_skill', 'scripting', '156', NULL),
  ('data_analytics', 'data_engineer', 'programming', 'python', 'sub_skill', 'airflow_operators', '156', NULL),
  ('data_analytics', 'data_engineer', 'programming', 'sql', 'skill', 'SQL', '155', 'critical'),
  ('data_analytics', 'data_engineer', 'programming', 'sql', 'sub_skill', 'query_optimization', '160', NULL),
  ('data_analytics', 'data_engineer', 'programming', 'sql', 'sub_skill', 'window_functions', '160', NULL),
  ('data_analytics', 'data_engineer', 'programming', 'sql', 'sub_skill', 'ddl', '160', NULL),
  ('data_analytics', 'data_engineer', 'programming', 'scala', 'skill', 'Scala', '155', 'medium'),
  ('data_analytics', 'data_engineer', 'programming', 'scala', 'sub_skill', 'apache_spark', '164', NULL),
  ('data_analytics', 'data_engineer', 'cloud', NULL, 'category', 'Cloud', '137', NULL),
  ('data_analytics', 'data_engineer', 'cloud', 'aws', 'skill', 'AWS', '166', 'high'),
  ('data_analytics', 'data_engineer', 'cloud', 'aws', 'sub_skill', 's3', '167', NULL),
  ('data_analytics', 'data_engineer', 'cloud', 'aws', 'sub_skill', 'glue', '167', NULL),
  ('data_analytics', 'data_engineer', 'cloud', 'aws', 'sub_skill', 'redshift', '167', NULL),
  ('data_analytics', 'data_engineer', 'cloud', 'aws', 'sub_skill', 'emr', '167', NULL),
  ('data_analytics', 'data_engineer', 'cloud', 'azure', 'skill', 'Azure', '166', 'medium'),
  ('data_analytics', 'data_engineer', 'cloud', 'azure', 'sub_skill', 'data_factory', '172', NULL),
  ('data_analytics', 'data_engineer', 'cloud', 'azure', 'sub_skill', 'synapse', '172', NULL),
  ('data_analytics', 'data_engineer', 'cloud', 'azure', 'sub_skill', 'adls', '172', NULL),
  ('data_analytics', 'data_engineer', 'cloud', 'gcp', 'skill', 'GCP', '166', 'medium'),
  ('data_analytics', 'data_engineer', 'cloud', 'gcp', 'sub_skill', 'bigquery', '176', NULL),
  ('data_analytics', 'data_engineer', 'cloud', 'gcp', 'sub_skill', 'dataproc', '176', NULL),
  ('data_analytics', 'data_engineer', 'cloud', 'gcp', 'sub_skill', 'composer', '176', NULL),
  ('data_analytics', 'data_engineer', 'aiml', NULL, 'category', 'AI / ML', '137', NULL),
  ('data_analytics', 'data_engineer', 'aiml', 'ml_engineering', 'skill', 'ML Engineering (Ops)', '180', 'medium'),
  ('data_analytics', 'data_engineer', 'aiml', 'ml_engineering', 'sub_skill', 'feature_stores', '181', NULL),
  ('data_analytics', 'data_engineer', 'aiml', 'ml_engineering', 'sub_skill', 'model_serving', '181', NULL),
  ('data_analytics', 'data_engineer', 'aiml', 'ml_engineering', 'sub_skill', 'pipelines', '181', NULL),
  ('data_analytics', 'ml_engineer', NULL, NULL, 'role', 'Machine Learning Engineer', '1', NULL),
  ('data_analytics', 'ml_engineer', 'aiml', NULL, 'category', 'AI / ML', '185', NULL),
  ('data_analytics', 'ml_engineer', 'aiml', 'deep_learning', 'skill', 'Deep Learning', '186', 'critical'),
  ('data_analytics', 'ml_engineer', 'aiml', 'deep_learning', 'sub_skill', 'cnn', '187', NULL),
  ('data_analytics', 'ml_engineer', 'aiml', 'deep_learning', 'sub_skill', 'rnn', '187', NULL),
  ('data_analytics', 'ml_engineer', 'aiml', 'deep_learning', 'sub_skill', 'transformers', '187', NULL),
  ('data_analytics', 'ml_engineer', 'aiml', 'deep_learning', 'sub_skill', 'pytorch', '187', NULL),
  ('data_analytics', 'ml_engineer', 'aiml', 'deep_learning', 'sub_skill', 'tensorflow', '187', NULL),
  ('data_analytics', 'ml_engineer', 'aiml', 'supervised_learning', 'skill', 'Supervised Learning', '186', 'high'),
  ('data_analytics', 'ml_engineer', 'aiml', 'supervised_learning', 'sub_skill', 'gradient_boosting', '193', NULL),
  ('data_analytics', 'ml_engineer', 'aiml', 'supervised_learning', 'sub_skill', 'random_forest', '193', NULL),
  ('data_analytics', 'ml_engineer', 'aiml', 'mlops', 'skill', 'MLOps', '186', 'critical'),
  ('data_analytics', 'ml_engineer', 'aiml', 'mlops', 'sub_skill', 'model_registry', '196', NULL),
  ('data_analytics', 'ml_engineer', 'aiml', 'mlops', 'sub_skill', 'model_monitoring', '196', NULL),
  ('data_analytics', 'ml_engineer', 'aiml', 'mlops', 'sub_skill', 'drift_detection', '196', NULL),
  ('data_analytics', 'ml_engineer', 'aiml', 'mlops', 'sub_skill', 'ci_cd_for_ml', '196', NULL),
  ('data_analytics', 'ml_engineer', 'programming', NULL, 'category', 'Programming', '185', NULL),
  ('data_analytics', 'ml_engineer', 'programming', 'python', 'skill', 'Python', '201', 'critical'),
  ('data_analytics', 'ml_engineer', 'programming', 'python', 'sub_skill', 'pytorch', '202', NULL),
  ('data_analytics', 'ml_engineer', 'programming', 'python', 'sub_skill', 'tensorflow', '202', NULL),
  ('data_analytics', 'ml_engineer', 'programming', 'python', 'sub_skill', 'scikit_learn', '202', NULL),
  ('data_analytics', 'ml_engineer', 'programming', 'sql', 'skill', 'SQL', '201', 'medium'),
  ('data_analytics', 'ml_engineer', 'cloud', NULL, 'category', 'Cloud', '185', NULL),
  ('data_analytics', 'ml_engineer', 'cloud', 'aws', 'skill', 'AWS', '207', 'high'),
  ('data_analytics', 'ml_engineer', 'cloud', 'aws', 'sub_skill', 'sagemaker', '208', NULL),
  ('data_analytics', 'ml_engineer', 'cloud', 'aws', 'sub_skill', 'ec2', '208', NULL),
  ('data_analytics', 'ml_engineer', 'cloud', 'aws', 'sub_skill', 'lambda', '208', NULL),
  ('data_analytics', 'ml_engineer', 'cloud', 'docker_k8s', 'skill', 'Docker & Kubernetes', '207', 'high'),
  ('data_analytics', 'ml_engineer', 'cloud', 'docker_k8s', 'sub_skill', 'containerization', '212', NULL),
  ('data_analytics', 'ml_engineer', 'cloud', 'docker_k8s', 'sub_skill', 'helm', '212', NULL),
  ('data_analytics', 'ml_engineer', 'cloud', 'docker_k8s', 'sub_skill', 'manifests', '212', NULL),
  ('data_analytics', 'ml_engineer', 'data_management', NULL, 'category', 'Data Management', '185', NULL),
  ('data_analytics', 'ml_engineer', 'data_management', 'feature_stores', 'skill', 'Feature Stores', '216', 'medium'),
  ('data_analytics', 'ml_engineer', 'data_management', 'feature_stores', 'sub_skill', 'feast', '217', NULL),
  ('data_analytics', 'ml_engineer', 'data_management', 'feature_stores', 'sub_skill', 'online_offline', '217', NULL),
  ('software_engineering', NULL, NULL, NULL, 'industry', 'Software Engineering', NULL, NULL),
  ('software_engineering', 'software_engineer', NULL, NULL, 'role', 'Software Engineer', '220', NULL),
  ('software_engineering', 'software_engineer', 'programming', NULL, 'category', 'Programming', '221', NULL),
  ('software_engineering', 'software_engineer', 'programming', 'python', 'skill', 'Python', '222', 'high'),
  ('software_engineering', 'software_engineer', 'programming', 'java', 'skill', 'Java', '222', 'high'),
  ('cloud_devops', NULL, NULL, NULL, 'industry', 'Cloud & DevOps', NULL, NULL),
  ('cloud_devops', 'cloud_engineer', NULL, NULL, 'role', 'Cloud Engineer', '225', NULL),
  ('cloud_devops', 'cloud_engineer', 'cloud', NULL, 'category', 'Cloud', '226', NULL),
  ('cloud_devops', 'cloud_engineer', 'cloud', 'aws', 'skill', 'AWS', '227', 'high'),
  ('cloud_devops', 'cloud_engineer', 'cloud', 'docker_k8s', 'skill', 'Docker & Kubernetes', '227', 'high'),
  ('finance', NULL, NULL, NULL, 'industry', 'Finance & FinTech', NULL, NULL),
  ('finance', 'financial_analyst', NULL, NULL, 'role', 'Financial Analyst', '230', NULL),
  ('finance', 'financial_analyst', 'business_skills', NULL, 'category', 'Business Skills', '231', NULL),
  ('finance', 'financial_analyst', 'business_skills', 'domain_acumen', 'skill', 'Domain Acumen', '232', 'high'),
  ('finance', 'financial_analyst', 'business_skills', 'domain_acumen', 'sub_skill', 'finance_basics', '233', NULL),
  ('marketing', NULL, NULL, NULL, 'industry', 'Marketing & Growth', NULL, NULL),
  ('marketing', 'marketing_analyst', NULL, NULL, 'role', 'Marketing Analyst', '235', NULL),
  ('marketing', 'marketing_analyst', 'analytics', NULL, 'category', 'Analytics', '236', NULL),
  ('marketing', 'marketing_analyst', 'analytics', 'kpi_design', 'skill', 'KPI Design', '237', 'high');

-- Skills (canonical master list, deduped)
INSERT INTO Skills (canonical_id, canonical_name) VALUES
  ('sql', 'SQL'),
  ('python', 'Python'),
  ('r_language', 'R'),
  ('etl_basics', 'ETL Fundamentals'),
  ('excel', 'Microsoft Excel'),
  ('data_modeling_basics', 'Data Modeling (Basics)'),
  ('descriptive_stats', 'Descriptive Statistics'),
  ('hypothesis_testing', 'Hypothesis Testing'),
  ('kpi_design', 'KPI Design'),
  ('stakeholder_management', 'Stakeholder Management'),
  ('sql_to_insight', 'SQL-to-Insight Storytelling'),
  ('domain_acumen', 'Domain Acumen'),
  ('power_bi', 'Power BI'),
  ('tableau', 'Tableau'),
  ('looker', 'Looker'),
  ('semantic_layer', 'Semantic Layer'),
  ('supervised_learning', 'Supervised Learning'),
  ('unsupervised_learning', 'Unsupervised Learning'),
  ('model_evaluation', 'Model Evaluation'),
  ('feature_engineering', 'Feature Engineering'),
  ('nlp', 'Natural Language Processing'),
  ('probability', 'Probability & Statistics'),
  ('experimentation', 'Experimentation'),
  ('insight_storytelling', 'Insight Storytelling'),
  ('etl_elt', 'ETL / ELT'),
  ('data_warehousing', 'Data Warehousing'),
  ('data_modeling', 'Data Modeling'),
  ('orchestration', 'Orchestration'),
  ('scala', 'Scala'),
  ('aws', 'AWS'),
  ('azure', 'Azure'),
  ('gcp', 'GCP'),
  ('ml_engineering', 'ML Engineering (Ops)'),
  ('deep_learning', 'Deep Learning'),
  ('mlops', 'MLOps'),
  ('docker_k8s', 'Docker & Kubernetes'),
  ('feature_stores', 'Feature Stores'),
  ('java', 'Java');

-- Skill_Alias (alternate surface forms -> canonical skill)
-- We resolve the canonical_id to Skills.id after insert using a subquery.
INSERT IGNORE INTO Skill_Alias (alias_text, alias_text_norm, skill_id) VALUES
  ('T-SQL', 't-sql', (SELECT id FROM Skills WHERE canonical_id = 'sql')),
  ('PL/SQL', 'pl/sql', (SELECT id FROM Skills WHERE canonical_id = 'sql')),
  ('MySQL', 'mysql', (SELECT id FROM Skills WHERE canonical_id = 'sql')),
  ('PostgreSQL', 'postgresql', (SELECT id FROM Skills WHERE canonical_id = 'sql')),
  ('Snowflake SQL', 'snowflake sql', (SELECT id FROM Skills WHERE canonical_id = 'sql')),
  ('BigQuery SQL', 'bigquery sql', (SELECT id FROM Skills WHERE canonical_id = 'sql')),
  ('Python3', 'python3', (SELECT id FROM Skills WHERE canonical_id = 'python')),
  ('Rlang', 'rlang', (SELECT id FROM Skills WHERE canonical_id = 'r_language')),
  ('MS Excel', 'ms excel', (SELECT id FROM Skills WHERE canonical_id = 'excel')),
  ('XLSX', 'xlsx', (SELECT id FROM Skills WHERE canonical_id = 'excel')),
  ('PowerBI', 'powerbi', (SELECT id FROM Skills WHERE canonical_id = 'power_bi')),
  ('Microsoft Power BI', 'microsoft power bi', (SELECT id FROM Skills WHERE canonical_id = 'power_bi')),
  ('PBI', 'pbi', (SELECT id FROM Skills WHERE canonical_id = 'power_bi')),
  ('Tableau Desktop', 'tableau desktop', (SELECT id FROM Skills WHERE canonical_id = 'tableau')),
  ('Tableau Public', 'tableau public', (SELECT id FROM Skills WHERE canonical_id = 'tableau')),
  ('LookML', 'lookml', (SELECT id FROM Skills WHERE canonical_id = 'looker')),
  ('Snowflake', 'snowflake', (SELECT id FROM Skills WHERE canonical_id = 'data_warehousing')),
  ('BigQuery', 'bigquery', (SELECT id FROM Skills WHERE canonical_id = 'data_warehousing')),
  ('Redshift', 'redshift', (SELECT id FROM Skills WHERE canonical_id = 'data_warehousing')),
  ('Airflow', 'airflow', (SELECT id FROM Skills WHERE canonical_id = 'orchestration')),
  ('Dagster', 'dagster', (SELECT id FROM Skills WHERE canonical_id = 'orchestration')),
  ('Prefect', 'prefect', (SELECT id FROM Skills WHERE canonical_id = 'orchestration')),
  ('Docker', 'docker', (SELECT id FROM Skills WHERE canonical_id = 'docker_k8s')),
  ('Kubernetes', 'kubernetes', (SELECT id FROM Skills WHERE canonical_id = 'docker_k8s')),
  ('K8s', 'k8s', (SELECT id FROM Skills WHERE canonical_id = 'docker_k8s'));

-- Link each Skill to its Skill_Taxonomy node (first match)
UPDATE Skills s
  JOIN Skill_Taxonomy st
    ON st.skill_id = s.canonical_id AND st.node_type = 'skill'
  SET s.taxonomy_id = st.id;
